["", {
    "text": "Rotate",
    "underlined": true,
    "color": "gray",
    "clickEvent": {
        "action": "run_command",
        "value": "/function anim_edit:gui/editor/run/text/tab/rotate"
    }
}, {
    "text": " "
}, {
    "text": "Position",
    "color": "gray",
    "clickEvent": {
        "action": "run_command",
        "value": "/function anim_edit:gui/editor/run/text/tab/position"
    }
}, {
    "text": " "
}, {
    "text": "Extra",
    "color": "gray",
    "clickEvent": {
        "action": "run_command",
        "value": "/function anim_edit:gui/editor/run/text/tab/extra"
    }
}, {"text":"\n "},{
    "text": "Head",
    "underlined": true,
    "color": "red",
    "clickEvent": {
        "action": "run_command",
        "value": "/function anim_edit:gui/editor/run/text/tab/rotate_1"
    }
}, {
    "text": " "
}, {
    "text": "Body",
    "color": "Blue",
    "clickEvent": {
        "action": "run_command",
        "value": "/function anim_edit:gui/editor/run/text/tab/rotate_2"
    }
}, {
    "text": " "
}, {
    "text": "Right Arm",
    "color": "dark_purple",
    "clickEvent": {
        "action": "run_command",
        "value": "/function anim_edit:gui/editor/run/text/tab/rotate_3"
    }
}, {
    "text": " "
}, {
    "text": "Left Arm",
    "color": "light_purple",
    "clickEvent": {
        "action": "run_command",
        "value": "/function anim_edit:gui/editor/run/text/tab/rotate_4"
    }
}, {
    "text": " "
}, {
    "text": "Leggins",
    "color": "dark_green",
    "clickEvent": {
        "action": "run_command",
        "value": "/function anim_edit:gui/editor/run/text/tab/rotate_5"
    }
}, {
    "text": " "
}, {
    "text": "Boots",
    "color": "green",
    "clickEvent": {
        "action": "run_command",
        "value": "/function anim_edit:gui/editor/run/text/tab/rotate_6"
    }
}, {
    "text": "\n\n"
}, {
    "text": "x",
    "color": "red"
}, {
    "text": " "
}, {
    "text": "[-0.5]",
    "color": "#ffb900",
    "clickEvent": {
        "action": "run_command",
        "value": "/function anim_edit:gui/editor/run/text/rotate/remove_x3"
    }
}, {
    "text": " "
}, {
    "text": "[-0.1]",
    "color": "#ffc72e",
    "clickEvent": {
        "action": "run_command",
        "value": "/function anim_edit:gui/editor/run/text/rotate/remove_x2"
    }
}, {
    "text": " "
}, {
    "text": "[-0.01]",
    "color": "yellow",
    "clickEvent": {
        "action": "run_command",
        "value": "/function anim_edit:gui/editor/run/text/rotate/remove_x1"
    }
}, {
    "text": " "
}, {
    "nbt": "current_keyframe.rotate.head.x",
    "storage": "anim:editor",
    "clickEvent": {
        "action": "suggest_command",
        "value": "/data modify storage anim:editor current_keyframe.rotate.head.x set value "
    }
}, {
    "text": " "
}, {
    "text": "[+0.01]",
    "color": "green",
    "clickEvent": {
        "action": "run_command",
        "value": "/function anim_edit:gui/editor/run/text/rotate/add_x1"
    }
}, {
    "text": " "
}, {
    "text": "[+0.1]",
    "color": "#45d945",
    "clickEvent": {
        "action": "run_command",
        "value": "/function anim_edit:gui/editor/run/text/rotate/add_x2"
    }
}, {
    "text": " "
}, {
    "text": "[+0.5]",
    "color": "#3fbf3f",
    "clickEvent": {
        "action": "run_command",
        "value": "/function anim_edit:gui/editor/run/text/rotate/add_x3"
    }
}, {
    "text": " "
}, {
    "text": "[X]",
    "color": "red",
    "clickEvent": {
        "action": "run_command",
        "value": "/function anim_edit:gui/editor/run/text/rotate/reset_x"
    },
    "hoverEvent": {
        "action": "show_text",
        "value": ["", {
            "text": "Reset the value",
            "color": "red"
        }]
    }
}, {
    "text": "\n\ny",
    "color": "green"
}, {
    "text": " "
}, {
    "text": "[-0.5]",
    "color": "#ffb900",
    "clickEvent": {
        "action": "run_command",
        "value": "/function anim_edit:gui/editor/run/text/rotate/remove_y3"
    }
}, {
    "text": " "
}, {
    "text": "[-0.1]",
    "color": "#ffc72e",
    "clickEvent": {
        "action": "run_command",
        "value": "/function anim_edit:gui/editor/run/text/rotate/remove_y2"
    }
}, {
    "text": " "
}, {
    "text": "[-0.01]",
    "color": "yellow",
    "clickEvent": {
        "action": "run_command",
        "value": "/function anim_edit:gui/editor/run/text/rotate/remove_y1"
    }
}, {
    "text": " "
}, {
    "nbt": "current_keyframe.rotate.head.y",
    "storage": "anim:editor",
    "clickEvent": {
        "action": "suggest_command",
        "value": "/data modify storage anim:editor current_keyframe.rotate.head.y set value "
    }
}, {
    "text": " "
}, {
    "text": "[+0.01]",
    "color": "green",
    "clickEvent": {
        "action": "run_command",
        "value": "/function anim_edit:gui/editor/run/text/rotate/add_y1"
    }
}, {
    "text": " "
}, {
    "text": "[+0.1]",
    "color": "#45d945",
    "clickEvent": {
        "action": "run_command",
        "value": "/function anim_edit:gui/editor/run/text/rotate/add_y2"
    }
}, {
    "text": " "
}, {
    "text": "[+0.5]",
    "color": "#3fbf3f",
    "clickEvent": {
        "action": "run_command",
        "value": "/function anim_edit:gui/editor/run/text/rotate/add_y3"
    }
}, {
    "text": " "
}, {
    "text": "[X]",
    "color": "red",
    "clickEvent": {
        "action": "run_command",
        "value": "/function anim_edit:gui/editor/run/text/rotate/reset_y"
    },
    "hoverEvent": {
        "action": "show_text",
        "value": ["", {
            "text": "Reset the value",
            "color": "red"
        }]
    }
}, {
    "text": "\n\nz",
    "color": "blue"
},{
    "text": " "
}, {
    "text": "[-0.5]",
    "color": "#ffb900",
    "clickEvent": {
        "action": "run_command",
        "value": "/function anim_edit:gui/editor/run/text/rotate/remove_z3"
    }
}, {
    "text": " "
}, {
    "text": "[-0.1]",
    "color": "#ffc72e",
    "clickEvent": {
        "action": "run_command",
        "value": "/function anim_edit:gui/editor/run/text/rotate/remove_z2"
    }
}, {
    "text": " "
}, {
    "text": "[-0.01]",
    "color": "yellow",
    "clickEvent": {
        "action": "run_command",
        "value": "/function anim_edit:gui/editor/run/text/rotate/remove_z1"
    }
}, {
    "text": " "
}, {
    "nbt": "current_keyframe.rotate.head.z",
    "storage": "anim:editor",
    "clickEvent": {
        "action": "suggest_command",
        "value": "/data modify storage anim:editor current_keyframe.rotate.head.z set value "
    }
}, {
    "text": " "
}, {
    "text": "[+0.01]",
    "color": "green",
    "clickEvent": {
        "action": "run_command",
        "value": "/function anim_edit:gui/editor/run/text/rotate/add_z1"
    }
}, {
    "text": " "
}, {
    "text": "[+0.1]",
    "color": "#45d945",
    "clickEvent": {
        "action": "run_command",
        "value": "/function anim_edit:gui/editor/run/text/rotate/add_z2"
    }
}, {
    "text": " "
}, {
    "text": "[+0.5]",
    "color": "#3fbf3f",
    "clickEvent": {
        "action": "run_command",
        "value": "/function anim_edit:gui/editor/run/text/rotate/add_z3"
    }
}, {
    "text": " "
}, {
    "text": "[X]",
    "color": "red",
    "clickEvent": {
        "action": "run_command",
        "value": "/function anim_edit:gui/editor/run/text/rotate/reset_z"
    },
    "hoverEvent": {
        "action": "show_text",
        "value": ["", {
            "text": "Reset the value",
            "color": "red"
        }]
    }
}]